{
    "NVDA": {
        "compound": 4.471899999999995,
        "count": 196,
        "average_sentiment": 0.02281581632653059
    },
    "TSLA": {
        "compound": 10.496500000000001,
        "count": 144,
        "average_sentiment": 0.07289236111111112
    },
    "ASTS": {
        "compound": 0.7068000000000001,
        "count": 14,
        "average_sentiment": 0.050485714285714293
    },
    "AMD": {
        "compound": 1.5004,
        "count": 21,
        "average_sentiment": 0.07144761904761905
    },
    "SMCI": {
        "compound": 3.6305,
        "count": 143,
        "average_sentiment": 0.025388111888111888
    },
    "TSCO": {
        "compound": 0.07730000000000023,
        "count": 14,
        "average_sentiment": 0.005521428571428588
    },
    "III": {
        "compound": 3.7405,
        "count": 14,
        "average_sentiment": 0.26717857142857143
    },
    "DRS": {
        "compound": 18.827600000000004,
        "count": 434,
        "average_sentiment": 0.04338156682027651
    },
    "GOOD": {
        "compound": 1.6044,
        "count": 4,
        "average_sentiment": 0.4011
    },
    "PROP": {
        "compound": 7.1358999999999995,
        "count": 13,
        "average_sentiment": 0.5489153846153846
    },
    "ASML": {
        "compound": 2.951,
        "count": 6,
        "average_sentiment": 0.49183333333333334
    },
    "FUND": {
        "compound": 0.03430000000000022,
        "count": 11,
        "average_sentiment": 0.003118181818181838
    },
    "NEXT": {
        "compound": -0.5529999999999999,
        "count": 6,
        "average_sentiment": -0.09216666666666666
    }
}