{
    "MSFT": {
        "compound": 4.9218,
        "count": 26,
        "average_sentiment": 0.1893
    },
    "NVDA": {
        "compound": 25.636400000000013,
        "count": 111,
        "average_sentiment": 0.23095855855855868
    },
    "ASTS": {
        "compound": 12.905800000000003,
        "count": 40,
        "average_sentiment": 0.32264500000000007
    },
    "JD": {
        "compound": 0.6124,
        "count": 1,
        "average_sentiment": 0.6124
    },
    "AMD": {
        "compound": 4.8287,
        "count": 34,
        "average_sentiment": 0.14202058823529412
    },
    "OPEN": {
        "compound": 0.0,
        "count": 1,
        "average_sentiment": 0.0
    },
    "AAPL": {
        "compound": 7.334600000000001,
        "count": 20,
        "average_sentiment": 0.36673000000000006
    },
    "META": {
        "compound": 3.8339,
        "count": 34,
        "average_sentiment": 0.11276176470588235
    },
    "AMZN": {
        "compound": 5.802,
        "count": 22,
        "average_sentiment": 0.2637272727272727
    },
    "SOFI": {
        "compound": 2.0686000000000004,
        "count": 8,
        "average_sentiment": 0.25857500000000005
    },
    "KHC": {
        "compound": 0.6854,
        "count": 2,
        "average_sentiment": 0.3427
    },
    "ARM": {
        "compound": 0.9507,
        "count": 4,
        "average_sentiment": 0.237675
    },
    "SBUX": {
        "compound": 2.6965,
        "count": 8,
        "average_sentiment": 0.3370625
    },
    "INTC": {
        "compound": 4.6743999999999994,
        "count": 10,
        "average_sentiment": 0.46743999999999997
    },
    "TLRY": {
        "compound": -0.3384,
        "count": 1,
        "average_sentiment": -0.3384
    },
    "POWL": {
        "compound": 1.5765000000000002,
        "count": 3,
        "average_sentiment": 0.5255000000000001
    },
    "ETSY": {
        "compound": -1.0801,
        "count": 2,
        "average_sentiment": -0.54005
    },
    "MARA": {
        "compound": -0.6523,
        "count": 1,
        "average_sentiment": -0.6523
    },
    "RIOT": {
        "compound": -0.6523,
        "count": 1,
        "average_sentiment": -0.6523
    },
    "WDC": {
        "compound": 0.0,
        "count": 1,
        "average_sentiment": 0.0
    },
    "WEN": {
        "compound": 0.0,
        "count": 1,
        "average_sentiment": 0.0
    },
    "ON": {
        "compound": -0.5734999999999999,
        "count": 5,
        "average_sentiment": -0.11469999999999998
    },
    "AVGO": {
        "compound": 2.2119000000000004,
        "count": 9,
        "average_sentiment": 0.24576666666666672
    },
    "GOOG": {
        "compound": 4.221100000000001,
        "count": 17,
        "average_sentiment": 0.24830000000000005
    },
    "TSLA": {
        "compound": 5.8959,
        "count": 37,
        "average_sentiment": 0.15934864864864864
    },
    "ASML": {
        "compound": 0.9238,
        "count": 3,
        "average_sentiment": 0.30793333333333334
    },
    "MU": {
        "compound": 1.9156,
        "count": 6,
        "average_sentiment": 0.31926666666666664
    },
    "NXPI": {
        "compound": 0.0,
        "count": 1,
        "average_sentiment": 0.0
    },
    "DJT": {
        "compound": -0.6534,
        "count": 1,
        "average_sentiment": -0.6534
    },
    "CRWD": {
        "compound": 2.3413,
        "count": 11,
        "average_sentiment": 0.21284545454545453
    },
    "NICE": {
        "compound": 0.7003,
        "count": 1,
        "average_sentiment": 0.7003
    },
    "HAS": {
        "compound": 0.7363,
        "count": 2,
        "average_sentiment": 0.36815
    },
    "RKLB": {
        "compound": -0.11559999999999998,
        "count": 4,
        "average_sentiment": -0.028899999999999995
    },
    "BEAM": {
        "compound": 0.1779,
        "count": 1,
        "average_sentiment": 0.1779
    },
    "Z": {
        "compound": 0.47980000000000006,
        "count": 6,
        "average_sentiment": 0.07996666666666667
    },
    "VC": {
        "compound": 6.436400000000001,
        "count": 10,
        "average_sentiment": 0.6436400000000001
    },
    "WAY": {
        "compound": 0.4186,
        "count": 6,
        "average_sentiment": 0.06976666666666667
    },
    "SMCI": {
        "compound": 3.1478,
        "count": 6,
        "average_sentiment": 0.5246333333333334
    },
    "GOOGL": {
        "compound": 7.8282,
        "count": 24,
        "average_sentiment": 0.326175
    },
    "IQ": {
        "compound": -0.0413,
        "count": 3,
        "average_sentiment": -0.013766666666666668
    },
    "BKNG": {
        "compound": 1.649,
        "count": 2,
        "average_sentiment": 0.8245
    },
    "COST": {
        "compound": 0.5144,
        "count": 4,
        "average_sentiment": 0.1286
    },
    "PEP": {
        "compound": 1.0867,
        "count": 2,
        "average_sentiment": 0.54335
    },
    "GILD": {
        "compound": 0.4215,
        "count": 1,
        "average_sentiment": 0.4215
    },
    "LULU": {
        "compound": 4.6976,
        "count": 15,
        "average_sentiment": 0.31317333333333336
    },
    "CG": {
        "compound": 0.4215,
        "count": 1,
        "average_sentiment": 0.4215
    },
    "RIVN": {
        "compound": 0.4215,
        "count": 1,
        "average_sentiment": 0.4215
    },
    "PYPL": {
        "compound": 1.6493,
        "count": 2,
        "average_sentiment": 0.82465
    },
    "COIN": {
        "compound": 0.6841,
        "count": 2,
        "average_sentiment": 0.34205
    },
    "MRNA": {
        "compound": 0.6841,
        "count": 1,
        "average_sentiment": 0.6841
    },
    "TTD": {
        "compound": 0.6841,
        "count": 1,
        "average_sentiment": 0.6841
    },
    "HOOD": {
        "compound": 0.6841,
        "count": 1,
        "average_sentiment": 0.6841
    },
    "ENPH": {
        "compound": 0.6841,
        "count": 1,
        "average_sentiment": 0.6841
    },
    "CELH": {
        "compound": 2.7179,
        "count": 4,
        "average_sentiment": 0.679475
    },
    "LCID": {
        "compound": 0.6841,
        "count": 1,
        "average_sentiment": 0.6841
    },
    "MTTR": {
        "compound": 0.6841,
        "count": 1,
        "average_sentiment": 0.6841
    },
    "PLAY": {
        "compound": 1.6807,
        "count": 2,
        "average_sentiment": 0.84035
    },
    "SYNA": {
        "compound": 0.457,
        "count": 1,
        "average_sentiment": 0.457
    },
    "QCOM": {
        "compound": 1.603,
        "count": 2,
        "average_sentiment": 0.8015
    },
    "CSCO": {
        "compound": 0.979,
        "count": 1,
        "average_sentiment": 0.979
    },
    "DKNG": {
        "compound": 0.979,
        "count": 1,
        "average_sentiment": 0.979
    },
    "ULTA": {
        "compound": 1.6098,
        "count": 2,
        "average_sentiment": 0.8049
    },
    "WBD": {
        "compound": 0.6652,
        "count": 1,
        "average_sentiment": 0.6652
    },
    "GRAB": {
        "compound": 0.9357,
        "count": 1,
        "average_sentiment": 0.9357
    },
    "COCO": {
        "compound": 1.6357,
        "count": 2,
        "average_sentiment": 0.81785
    },
    "MELI": {
        "compound": 0.4215,
        "count": 1,
        "average_sentiment": 0.4215
    },
    "HWKN": {
        "compound": 1.3801999999999999,
        "count": 2,
        "average_sentiment": 0.6900999999999999
    },
    "NFLX": {
        "compound": 0.624,
        "count": 1,
        "average_sentiment": 0.624
    },
    "PANW": {
        "compound": 0.0,
        "count": 1,
        "average_sentiment": 0.0
    },
    "AGNC": {
        "compound": 0.128,
        "count": 1,
        "average_sentiment": 0.128
    },
    "MSTR": {
        "compound": 0.4168,
        "count": 1,
        "average_sentiment": 0.4168
    },
    "SNPS": {
        "compound": 1.5354,
        "count": 2,